{"cameraMode":{"drawMode":0,"name":"Shaded","section":"Shading Mode"},"sceneLighting":false,"audioPlay":false,"sceneViewState":{"m_AlwaysRefresh":false,"showFog":true,"showSkybox":false,"showFlares":true,"showImageEffects":true,"showParticleSystems":true,"showVisualEffectGraphs":true,"m_FxEnabled":true},"in2DMode":false,"pivot":{"x":281.9439697265625,"y":293.7756042480469,"z":-36.01637268066406},"rotation":{"x":0.07667304575443268,"y":0.040368348360061648,"z":-0.003103515598922968,"w":0.9962584972381592},"size":187.1888427734375,"orthographic":false}