{"cameraMode":{"drawMode":0,"name":"Shaded","section":"Shading Mode"},"sceneLighting":false,"audioPlay":false,"sceneViewState":{"m_AlwaysRefresh":false,"showFog":true,"showSkybox":false,"showFlares":true,"showImageEffects":true,"showParticleSystems":true,"showVisualEffectGraphs":true,"m_FxEnabled":true},"in2DMode":false,"pivot":{"x":499.2117614746094,"y":843.648681640625,"z":197.27145385742188},"rotation":{"x":0.09311085939407349,"y":-0.03733237832784653,"z":0.0034942496567964555,"w":0.9949739575386047},"size":346.4471130371094,"orthographic":false}